{"Media":{"Acre":29.6804827532,"Alagoas":21.8947230686,"Amap\u00e1":22.6768998922,"Amazonas":23.010329778,"Bahia":20.9848457045,"Cear\u00e1":20.7494262761,"Distrito Federal":4.1263771448,"Esp\u00edrito Santo":8.0356726007,"Goi\u00e1s":6.8734562418,"Maranh\u00e3o":28.6102542815,"Mato Grosso":7.2268219114,"Mato Grosso do Sul":8.0508994947,"Minas Gerais":8.3675625166,"Paran\u00e1":4.9509709334,"Para\u00edba":25.1143179419,"Par\u00e1":22.3776926903,"Pernambuco":22.2307023022,"Piau\u00ed":27.1456108359,"Rio Grande do Norte":18.5910784983,"Rio Grande do Sul":5.1141570725,"Rio de Janeiro":9.2247455321,"Rond\u00f4nia":7.0376695146,"Roraima":19.3665824556,"Santa Catarina":2.9349001962,"Sergipe":21.4982522139,"S\u00e3o Paulo":5.5501655687,"Tocantins":14.79864209}}